Title,Link,Date
Announcing Rithm's 2022 Scholarship Fund,https://www.rithmschool.com/blog/2022-scholarship,2021-12-08 14:55:46 UTC
October 2021 Women's Scholarship Fund,https://www.rithmschool.com/blog/october-2021-womens-scholarship-fund,2021-08-18 20:38:59 UTC
R19: 100% Outcomes Within 4 Months Of Graduating,https://www.rithmschool.com/blog/r19-100-outcomes-within-4-months-of-graduating,2021-07-13 21:21:05 UTC
Student Interview: R20 On Remote Company Projects ,https://www.rithmschool.com/blog/student-interview-clever-counsel-company-projects,2021-05-25 23:55:52 UTC
Good Ideas for Better Variable Names,https://www.rithmschool.com/blog/good-ideas-for-better-variable-names,2021-05-04 21:10:26 UTC
TypeScript: How To Get Started,https://www.rithmschool.com/blog/typescript-how-to-get-started,2021-04-21 17:07:39 UTC
3 Patterns for Refactoring Your Code,https://www.rithmschool.com/blog/three-simple-patterns-for-refactoring-your-code,2021-04-12 16:28:16 UTC
From A Rithm Instructor: Technical Job Search Blockers,https://www.rithmschool.com/blog/rithm-instructor-technical-job-search-blockers,2021-03-12 00:07:16 UTC
Coming Up in Python: `match`,https://www.rithmschool.com/blog/coming-up-in-python-match,2021-03-03 22:38:07 UTC
2021 Rithm School Scholarships,https://www.rithmschool.com/blog/2021-rithm-school-scholarships,2021-02-24 01:04:55 UTC
6 Tips To Push Through The Discomfort Of The Job Search,https://www.rithmschool.com/blog/push-through-discomfort-of-the-job-search,2021-02-17 00:17:32 UTC
Our Updated Interview Process,https://www.rithmschool.com/blog/our-updated-interview-process,2021-01-25 20:19:48 UTC
Using The JavaScript Ternary Operator Effectively,https://www.rithmschool.com/blog/using-the-javascript-ternary-operator,2020-11-09 00:00:00 UTC
Seven Tips For Dealing With Imposter Syndrome,https://www.rithmschool.com/blog/dealing-with-coding-bootcamp-imposter-syndrome,2020-10-20 00:00:00 UTC
Alumni Spotlight: Genna Mergola,https://www.rithmschool.com/blog/alumni-spotlight-genna-mergola,2020-10-13 00:00:00 UTC
How To Get Into A Top Coding Bootcamp,https://www.rithmschool.com/blog/how-to-get-into-top-coding-bootcamp-rithm-school,2020-09-22 00:00:00 UTC
Taking Breaks: Why Being Busy Doesn't Equal Productivity,https://www.rithmschool.com/blog/taking-breaks-for-productivity,2020-08-18 00:00:00 UTC
Student Interview: R16 On Company Projects,https://www.rithmschool.com/blog/student-interview-r16-on-remote-company-projects,2020-08-11 00:00:00 UTC
5 Topics To Master Before Learning React Hooks,https://www.rithmschool.com/blog/5-topics-to-master-before-learning-react-hooks,2020-07-28 00:00:00 UTC
What You Can Learn From Learning A New Language,https://www.rithmschool.com/blog/what-you-can-learn-from-learning-a-new-language,2020-07-21 00:00:00 UTC
